tank0.jpg,1,79 179 589 351
tank1.jpg,1,137 337 537 281
tank2.jpg,1,287 165 627 438
tank3.jpg,1,2 130 860 490
tank4.jpg,1,175 51 936 478
tank5.jpg,1,43 233 748 487
tank6.jpg,1,101 360 601 335
tank7.jpg,1,74 309 704 333
tank8.jpg,1,22 297 536 326
tank9.jpg,2,47 182 628 307
tank9.jpg,2,655 163 262 175
tank10.jpg,1,136 442 380 178
tank11.jpg,1,257 116 552 356
tank12.jpg,1,86 187 793 488
tank13.jpg,1,41 93 661 323
tank14.jpg,1,192 215 435 265
tank15.jpg,2,33 307 573 239
tank15.jpg,2,583 351 201 78
tank16.jpg,1,88 231 513 300
tank17.jpg,1,14 101 741 496
tank18.jpg,1,237 237 676 274
tank19.jpg,1,488 90 496 205
tank20.jpg,1,174 379 600 354
tank21.jpg,1,355 148 479 200
tank22.jpg,1,43 180 685 352
tank23.jpg,1,121 229 749 248
tank24.jpg,1,130 29 863 516
tank25.jpg,1,299 348 382 146
tank26.jpg,1,7 289 662 323
tank27.jpg,1,54 43 905 483
tank28.jpg,1,418 241 303 170
tank29.jpg,1,400 110 183 268
tank30.jpg,1,82 359 658 342
tank31.jpg,1,94 209 657 323
tank32.jpg,1,168 179 629 229
tank33.jpg,1,7 143 861 516
tank34.jpg,1,3 410 598 356
tank35.jpg,1,3 313 712 498
tank36.jpg,1,8 502 630 491
tank37.jpg,1,116 76 937 476
tank38.jpg,1,4 10 1045 421
tank39.jpg,1,21 479 656 306
tank40.jpg,2,1 120 637 323
tank40.jpg,2,627 249 273 163
tank41.jpg,1,52 230 712 326
tank42.jpg,1,68 240 810 291
tank43.jpg,1,283 242 343 209
tank44.jpg,1,247 142 588 448
tank45.jpg,1,99 335 653 402
tank46.jpg,1,173 161 647 305
tank47.jpg,1,403 174 458 278
tank48.jpg,1,30 185 866 436
tank49.jpg,1,192 207 746 302
tank50.jpg,1,248 231 436 234
tank51.jpg,1,245 183 727 296
tank52.jpg,1,363 339 387 162
tank53.jpg,1,142 172 593 319
tank54.jpg,1,38 431 670 373
tank55.jpg,1,88 212 816 258
tank56.jpg,1,251 254 639 350
tank57.jpg,1,8 185 880 376
tank58.jpg,1,155 112 636 424
tank59.jpg,1,132 99 480 278
tank60.jpg,1,26 189 862 371
tank61.jpg,1,206 127 813 266
tank62.jpg,1,1 241 653 363
tank64.jpg,1,85 194 776 482
tank65.jpg,1,6 190 720 368
tank66.jpg,1,349 199 515 265
tank67.jpg,1,229 257 515 266
tank68.jpg,1,86 193 778 289
tank69.jpg,1,26 106 646 383
tank70.jpg,1,578 110 249 105
tank71.jpg,1,239 198 392 200
tank72.jpg,2,8 241 240 131
tank72.jpg,2,196 135 822 432
tank73.jpg,2,546 295 230 117
tank73.jpg,2,94 319 222 106
tank74.jpg,1,114 192 597 255
tank75.jpg,1,414 398 358 148
tank76.jpg,1,385 182 385 253
tank77.jpg,2,288 178 684 326
tank77.jpg,2,841 111 147 98
tank78.jpg,1,24 94 902 519
tank79.jpg,1,150 107 806 411
tank80.jpg,1,360 254 325 244
tank81.jpg,1,162 175 613 298
tank82.jpg,1,56 159 721 370
tank83.jpg,1,162 433 474 241
tank84.jpg,1,2 131 871 341
tank85.jpg,1,47 51 861 512
tank86.jpg,1,292 241 670 329
tank87.jpg,1,38 112 813 397
tank88.jpg,1,130 181 578 307
tank89.jpg,1,403 264 178 88
tank90.jpg,1,130 213 669 326
tank91.jpg,1,154 234 645 433
tank92.jpg,1,128 175 593 252
tank93.jpg,2,40 174 785 346
tank93.jpg,2,82 3 446 169
tank94.jpg,1,270 262 555 215
tank95.jpg,2,195 325 645 296
tank95.jpg,2,161 66 552 251
tank96.jpg,1,147 174 656 348
tank97.jpg,1,25 154 890 454
tank98.jpg,1,100 184 577 217
tank99.jpg,1,157 194 693 288
tank100.jpg,1,4 294 718 405
tank101.jpg,1,1 208 780 474
tank102.jpg,1,64 128 679 475
tank103.jpg,1,0 131 888 515
tank104.jpg,1,125 187 575 264
tank105.jpg,1,146 614 338 173
tank106.jpg,1,237 174 653 371
tank107.jpg,1,228 77 499 210
tank108.jpg,1,325 144 673 295
tank109.jpg,2,2 308 384 161
tank109.jpg,2,403 297 489 233
tank110.jpg,1,220 332 587 278
tank111.jpg,1,35 243 848 341
tank112.jpg,1,132 487 306 109
tank113.jpg,1,215 227 639 324
tank114.jpg,1,9 101 879 415
tank115.jpg,1,38 383 520 285
tank116.jpg,1,125 210 618 317
tank117.jpg,1,112 148 669 381
tank118.jpg,1,274 273 580 299
tank119.jpg,1,3 500 583 289
tank120.jpg,1,26 255 745 297
tank121.jpg,1,171 234 547 240
tank122.jpg,1,1 123 853 359
tank123.jpg,1,3 101 888 453
tank124.jpg,1,3 189 716 432
tank125.jpg,1,74 180 811 411
tank126.jpg,1,73 146 786 370
tank127.jpg,1,61 388 648 330
tank128.jpg,1,167 383 572 238
tank129.jpg,1,198 128 620 434
tank130.jpg,1,243 117 618 364
tank131.jpg,1,167 219 681 351
tank132.jpg,1,4 330 679 366
tank133.jpg,1,248 107 442 287
tank134.jpg,1,410 208 259 163
tank135.jpg,1,304 82 611 399
tank136.jpg,1,301 74 629 289
tank137.jpg,2,161 265 347 178
tank137.jpg,2,498 296 183 83
tank138.jpg,1,35 284 473 286
tank139.jpg,1,101 158 507 351
tank140.jpg,1,247 456 381 152
tank141.jpg,1,51 270 491 247
tank142.jpg,1,11 158 651 366
tank143.jpg,1,158 301 571 223
tank144.jpg,1,155 31 700 366
tank145.jpg,1,329 294 282 215
tank146.jpg,1,125 251 689 315
tank147.jpg,1,27 283 565 276
tank148.jpg,1,89 262 537 316
tank149.jpg,1,102 233 617 244
tank150.jpg,1,22 288 569 304
tank151.jpg,1,126 293 426 244
tank152.jpg,1,216 195 521 295
tank153.jpg,1,201 155 492 268
tank154.jpg,1,263 306 388 204
tank155.jpg,1,186 203 579 362
tank156.jpg,1,253 257 308 187
tank157.jpg,1,53 301 355 158
tank158.jpg,1,91 289 407 222
tank159.jpg,1,457 103 220 128
tank160.jpg,3,184 268 522 230
tank160.jpg,3,95 100 286 121
tank160.jpg,3,584 82 195 115
tank161.jpg,1,100 262 601 242
tank162.jpg,1,134 214 536 328
tank163.jpg,1,488 183 339 194
tank164.jpg,1,294 163 549 226
tank165.jpg,1,150 181 576 359
tank166.jpg,1,48 179 747 412
tank167.jpg,1,68 207 632 282
tank168.jpg,1,186 259 513 351
tank169.jpg,1,132 268 506 303
tank170.jpg,1,227 86 508 246
tank171.jpg,1,25 267 636 302
tank172.jpg,1,18 252 577 358
tank173.jpg,1,49 190 839 367
tank174.jpg,1,172 352 293 159
tank175.jpg,1,117 130 800 479
tank176.jpg,1,47 215 532 346
tank177.jpg,1,294 411 371 211
tank178.jpg,1,255 268 567 340
tank179.jpg,1,214 445 398 162
tank180.jpg,1,293 369 316 151
tank181.jpg,1,223 329 447 200
tank182.jpg,1,329 212 297 159
tank183.jpg,1,368 197 363 193
tank184.jpg,1,133 289 249 157
tank185.jpg,1,146 239 532 212
tank186.jpg,1,207 219 388 149
tank187.jpg,1,276 262 319 145
tank188.jpg,1,152 244 407 213
tank189.jpg,1,57 40 808 359
tank190.jpg,1,302 157 416 222
tank191.jpg,2,366 269 299 114
tank191.jpg,2,117 215 218 89
tank192.jpg,1,441 39 214 195
tank193.jpg,1,631 130 238 174
tank194.jpg,1,210 172 415 260
tank195.jpg,1,83 226 363 153
tank196.jpg,1,162 283 330 180
tank197.jpg,1,300 386 301 121
tank198.jpg,1,238 182 657 259
tank199.jpg,1,92 140 748 389
tank200.jpg,1,331 381 249 123
tank201.jpg,1,224 262 430 274
tank202.jpg,1,253 277 325 176
tank203.jpg,1,208 82 674 317
tank204.jpg,1,277 283 345 208
tank205.jpg,1,362 302 192 141
tank206.jpg,1,93 261 560 261
tank207.jpg,1,109 313 422 206
tank208.jpg,1,214 264 474 229
tank209.jpg,1,299 196 460 189
tank210.jpg,2,29 37 482 193
tank210.jpg,2,533 59 375 156
tank211.jpg,1,2 219 523 386
tank212.jpg,3,52 229 333 175
tank212.jpg,3,175 76 306 149
tank212.jpg,3,587 184 331 165
tank213.jpg,1,212 133 479 273
tank214.jpg,1,23 165 620 371
tank215.jpg,1,26 263 561 210
tank216.jpg,1,97 265 607 262
tank217.jpg,1,52 190 648 258
tank218.jpg,1,44 428 269 160
tank219.jpg,1,71 312 781 267
tank220.jpg,1,303 252 315 154
tank221.jpg,2,337 276 289 118
tank221.jpg,2,95 276 246 99
tank222.jpg,1,266 241 524 318
tank223.jpg,1,217 146 483 277
tank224.jpg,1,268 185 495 233
tank225.jpg,1,36 213 726 411
tank226.jpg,1,273 221 505 298
tank227.jpg,1,47 142 693 424
tank228.jpg,1,88 279 610 217
tank229.jpg,1,149 276 595 232
tank230.jpg,1,268 286 629 234
tank231.jpg,1,245 282 538 234
tank232.jpg,1,196 258 603 251
tank233.jpg,1,402 281 445 282
tank234.jpg,1,4 240 673 380
tank235.jpg,1,56 176 902 379
tank236.jpg,1,22 189 899 405
tank237.jpg,1,74 100 670 504
tank238.jpg,1,245 227 676 308
tank239.jpg,1,308 237 502 308
tank240.jpg,1,42 132 839 454
tank241.jpg,1,265 214 506 283
tank242.jpg,1,209 185 683 400
tank243.jpg,2,283 290 257 176
tank243.jpg,2,558 293 189 128
tank244.jpg,1,191 140 737 303
tank245.jpg,1,331 245 520 308
tank246.jpg,2,284 196 493 271
tank246.jpg,2,933 233 164 106
tank247.jpg,1,75 230 695 373
tank248.jpg,1,122 195 670 390
tank249.jpg,1,132 197 627 375
tank250.jpg,1,239 232 620 335
tank251.jpg,1,2 224 631 348
tank252.jpg,1,14 77 1017 478
tank253.jpg,2,476 187 291 175
tank253.jpg,2,38 365 707 264
tank254.jpg,1,245 216 628 327
tank255.jpg,2,151 91 461 167
tank255.jpg,2,128 184 926 331
tank256.jpg,2,108 225 423 229
tank256.jpg,2,552 275 311 180
tank257.jpg,1,220 52 569 354
tank258.jpg,1,100 281 441 195
tank259.jpg,1,192 152 449 265
tank260.jpg,1,408 247 698 234
tank261.jpg,1,88 161 920 372
tank262.jpg,1,367 71 649 497
tank263.jpg,1,58 256 574 299
tank264.jpg,1,6 254 869 370
tank265.jpg,2,142 280 439 259
tank265.jpg,2,606 347 123 95
tank267.jpg,1,235 195 786 373
tank268.jpg,1,61 108 909 460
tank269.jpg,1,19 227 560 295
tank270.jpg,1,191 273 546 310
tank271.jpg,1,74 210 880 349
tank272.jpg,1,113 96 869 397
tank273.jpg,1,300 285 522 309
tank274.jpg,1,179 175 648 374
tank275.jpg,1,68 221 758 350
tank276.jpg,2,216 200 507 375
tank276.jpg,2,86 132 179 112
tank277.jpg,1,133 272 531 243
tank279.jpg,1,72 254 691 278
tank280.jpg,1,165 162 595 368
tank281.jpg,1,235 181 627 353
tank282.jpg,1,144 155 603 296
tank283.jpg,1,27 197 761 314
tank284.jpg,1,31 167 779 408
tank285.jpg,1,154 223 645 349
tank286.jpg,1,106 267 692 291
tank287.jpg,1,383 212 360 168
tank288.jpg,1,38 171 961 376
tank289.jpg,1,8 135 903 374
tank290.jpg,1,197 370 551 229
tank291.jpg,1,206 209 809 354
tank292.jpg,1,26 89 879 519
tank293.jpg,1,218 214 784 353
tank294.jpg,1,156 201 771 368
tank295.jpg,1,227 217 697 401
tank298.jpg,1,192 114 737 416
tank299.jpg,1,255 198 624 317
tank300.jpg,2,49 184 787 335
tank300.jpg,2,75 12 460 158
tank301.jpg,1,142 164 596 270
tank302.jpg,1,40 128 852 475
tank304.jpg,1,166 144 591 388
tank305.jpg,1,216 170 879 330
tank306.jpg,1,167 166 736 374
tank308.jpg,1,106 263 802 375
tank309.jpg,1,104 309 467 220
tank310.jpg,1,63 188 872 391
tank311.jpg,1,48 144 466 302
tank312.jpg,1,90 154 818 371
tank313.jpg,2,49 186 779 325
tank313.jpg,2,79 4 444 170
tank314.jpg,1,176 160 732 384
tank315.jpg,1,158 226 718 280
tank316.jpg,1,135 291 526 228
tank317.jpg,1,106 191 643 391
tank318.jpg,1,152 192 691 370
tank319.jpg,1,69 224 758 430
tank320.jpg,1,311 206 569 231
tank321.jpg,1,28 153 809 329
tank322.jpg,1,10 115 750 626
tank323.jpg,1,197 340 522 309
tank324.jpg,1,39 170 666 384
tank325.jpg,1,47 159 672 383
tank326.jpg,1,432 175 612 368
tank327.jpg,1,270 246 539 302
tank328.jpg,1,6 186 696 259
tank329.jpg,1,31 176 707 358
tank330.jpg,1,207 200 570 321
tank331.jpg,1,32 269 739 377
tank332.jpg,1,91 124 696 327
tank333.jpg,1,159 228 701 388
tank334.jpg,1,173 181 665 308
tank335.jpg,2,295 285 490 275
tank335.jpg,2,463 96 281 188
tank336.jpg,1,193 237 657 306
tank337.jpg,1,47 169 771 415
tank338.jpg,1,144 223 655 344
tank339.jpg,1,286 122 721 435
tank340.jpg,1,74 258 804 356
tank341.jpg,1,38 123 618 303
tank342.jpg,1,185 145 779 371
tank343.jpg,1,192 264 472 165
tank344.jpg,1,109 288 687 291
tank345.jpg,1,309 290 349 172
tank346.jpg,1,242 261 662 291
tank347.jpg,1,351 215 659 325
tank348.jpg,1,192 260 594 333
tank349.jpg,1,219 292 462 189
tank350.jpg,1,25 319 687 348
tank351.jpg,1,45 144 901 420
tank352.jpg,1,115 203 817 357
tank353.jpg,1,30 220 862 328
tank354.jpg,1,1 153 652 387
tank355.jpg,1,115 312 573 359
tank356.jpg,1,218 164 653 405
tank357.jpg,1,22 222 605 314
tank358.jpg,1,276 255 729 269
tank359.jpg,1,25 299 692 363
tank360.jpg,1,108 228 673 318
tank361.jpg,1,2 263 476 274
tank363.jpg,1,97 220 732 323
tank364.jpg,1,10 208 809 357
tank365.jpg,1,32 234 621 223
tank366.jpg,1,106 120 667 332
tank367.jpg,1,265 230 656 245
tank368.jpg,1,119 169 734 424
tank369.jpg,1,33 148 879 390
tank370.jpg,1,189 142 625 396
tank371.jpg,1,84 115 857 413
tank372.jpg,1,119 166 807 388
tank373.jpg,1,32 198 716 455
tank374.jpg,1,143 247 605 316
tank375.jpg,1,12 203 802 402
tank376.jpg,1,291 154 717 402
tank377.jpg,1,80 311 588 262
tank378.jpg,1,98 101 684 348
tank379.jpg,1,24 287 694 379
tank380.jpg,1,41 28 963 461
tank381.jpg,1,286 190 600 233
tank382.jpg,1,308 120 694 369
tank383.jpg,2,397 199 535 248
tank383.jpg,2,246 245 198 91
tank384.jpg,1,104 205 717 310
tank385.jpg,1,255 308 616 307
tank386.jpg,2,69 167 735 420
tank386.jpg,2,645 151 270 142
tank387.jpg,1,203 241 563 285
tank388.jpg,1,259 306 535 295
tank389.jpg,1,228 207 628 267
tank390.jpg,1,18 189 657 285
tank391.jpg,2,292 280 557 266
tank391.jpg,2,2 294 372 226
tank392.jpg,1,254 134 894 342
tank393.jpg,1,110 109 660 344
tank394.jpg,1,139 222 712 278
tank395.jpg,1,49 227 610 229
tank396.jpg,1,26 167 845 305
tank397.jpg,1,27 206 859 324
tank398.jpg,1,55 175 804 423
tank399.jpg,1,322 202 608 314
tank400.jpg,1,130 215 710 301
tank401.jpg,1,256 206 634 446
tank402.jpg,1,66 230 827 387
tank403.jpg,1,172 227 546 332
tank404.jpg,1,80 45 663 426
tank405.jpg,1,106 137 671 326
tank406.jpg,1,78 323 592 259
tank407.jpg,1,216 257 635 325
tank408.jpg,2,53 190 779 323
tank408.jpg,2,79 2 442 174
tank409.jpg,1,112 118 760 428
tank410.jpg,1,188 273 729 293
tank411.jpg,1,174 140 799 339
tank412.jpg,1,77 296 800 306
tank413.jpg,1,45 150 632 301
tank414.jpg,1,301 138 700 349
tank415.jpg,1,446 260 535 306
tank416.jpg,1,19 77 896 505
tank417.jpg,1,259 171 693 350
tank418.jpg,1,12 179 886 355
tank419.jpg,1,182 192 621 351
tank420.jpg,1,296 94 684 400
tank421.jpg,1,477 135 539 420
tank422.jpg,1,126 197 772 397
tank423.jpg,1,189 211 665 342
tank424.jpg,1,112 184 804 406
tank425.jpg,1,109 220 775 309
tank426.jpg,1,528 152 556 360
tank427.jpg,1,71 203 769 341
tank428.jpg,1,10 122 953 474
tank429.jpg,1,230 229 566 378
tank430.jpg,2,139 97 469 173
tank430.jpg,2,127 198 921 310
tank431.jpg,1,127 304 526 205
tank432.jpg,2,53 193 790 327
tank432.jpg,2,71 17 457 158
tank433.jpg,1,139 182 875 361
tank434.jpg,1,76 234 789 303
tank435.jpg,1,86 111 940 378
tank436.jpg,1,64 191 703 380
tank437.jpg,1,18 188 895 409
tank438.jpg,1,52 259 859 338
tank439.jpg,1,189 214 744 316
tank440.jpg,1,44 200 682 286
tank441.jpg,1,0 190 660 354
tank442.jpg,1,228 55 747 485
tank443.jpg,1,282 269 500 307
tank444.jpg,1,22 136 834 453
tank445.jpg,1,112 94 620 443
tank446.jpg,1,35 136 954 433
tank447.jpg,1,18 164 799 453
tank448.jpg,1,104 121 890 415
tank449.jpg,1,256 258 545 268
tank450.jpg,1,48 106 851 499
tank451.jpg,1,293 139 560 360
tank452.jpg,1,18 169 906 443
tank453.jpg,1,5 89 918 462
tank454.jpg,1,22 190 759 452
tank455.jpg,2,200 212 547 233
tank455.jpg,2,94 310 109 49
tank456.jpg,1,6 149 837 466
tank457.jpg,1,28 73 863 436
tank458.jpg,1,34 63 989 482
tank459.jpg,1,185 100 821 371
tank460.jpg,1,141 188 697 327
tank461.jpg,1,43 115 838 486
tank462.jpg,1,5 173 745 337
tank463.jpg,1,14 82 847 351
tank464.jpg,1,35 147 630 346
tank465.jpg,1,143 287 560 334
tank466.jpg,1,102 145 675 321
tank468.jpg,1,407 256 481 267
tank469.jpg,1,266 228 617 350
tank470.jpg,1,131 169 479 299
tank471.jpg,1,40 157 729 438
tank472.jpg,1,134 221 575 327
tank473.jpg,1,290 227 619 340
tank474.jpg,1,205 187 620 329
tank475.jpg,1,289 188 698 353
tank476.jpg,1,334 209 654 320
tank477.jpg,1,210 255 625 331
tank478.jpg,1,63 170 694 417
tank479.jpg,1,232 68 767 455
tank480.jpg,1,85 164 751 315
tank481.jpg,1,114 276 727 385
tank482.jpg,1,109 71 896 455
tank483.jpg,1,312 236 371 253
tank484.jpg,1,261 182 669 411
tank485.jpg,1,7 184 649 343
tank486.jpg,1,65 155 755 284
tank487.jpg,1,180 155 723 385
tank488.jpg,3,5 256 663 269
tank488.jpg,3,394 93 505 200
tank488.jpg,3,76 92 425 163
tank489.jpg,1,408 142 606 418
tank490.jpg,1,129 170 492 305
tank491.jpg,1,276 117 641 353
tank492.jpg,1,64 111 971 361
tank493.jpg,1,92 125 703 333
tank494.jpg,1,179 192 681 340
tank495.jpg,1,92 205 772 331
tank496.jpg,1,192 152 746 283
tank497.jpg,1,93 153 723 488
tank498.jpg,1,75 230 902 325
tank499.jpg,2,250 132 568 347
tank499.jpg,2,807 263 174 123
tank500.jpg,1,140 265 499 276
tank501.jpg,1,24 194 753 441
tank502.jpg,2,51 176 787 345
tank502.jpg,2,79 13 455 167
tank503.jpg,1,5 95 824 500
tank504.jpg,1,10 332 692 376
tank505.jpg,1,50 402 669 395
tank506.jpg,1,147 314 622 372
tank507.jpg,1,184 187 183 154
tank508.jpg,1,249 164 687 334
tank509.jpg,1,5 101 926 516
tank510.jpg,1,6 480 729 433
tank511.jpg,1,2 322 734 579
tank512.jpg,1,438 136 453 181
tank513.jpg,1,109 260 658 292
tank514.jpg,1,153 46 658 605
tank515.jpg,1,464 127 297 203
tank516.jpg,1,248 113 767 391
tank517.jpg,1,34 30 898 562
tank518.jpg,1,4 335 690 352
tank519.jpg,1,29 29 925 448
tank520.jpg,1,5 152 851 331
tank521.jpg,1,109 39 680 448
tank522.jpg,1,14 112 1055 390
tank523.jpg,1,292 190 555 316
tank524.jpg,1,23 253 676 378
tank525.jpg,1,203 156 612 312
tank526.jpg,1,9 439 670 292
tank527.jpg,1,214 419 326 162
tank528.jpg,1,128 251 559 332
tank529.jpg,1,176 245 546 240
tank530.jpg,1,179 165 667 299
tank531.jpg,1,396 233 481 249
tank532.jpg,1,13 264 800 377
tank533.jpg,1,52 256 693 307
tank534.jpg,1,295 129 451 253
tank535.jpg,1,121 397 500 294
tank536.jpg,1,102 123 857 445
tank537.jpg,1,86 398 696 390
tank538.jpg,1,115 255 680 452
tank539.jpg,1,158 363 462 295
tank540.jpg,1,202 224 490 251
tank541.jpg,1,154 240 497 300
tank542.jpg,1,192 306 425 206
tank544.jpg,1,22 68 754 476
tank545.jpg,1,141 31 690 419
tank546.jpg,1,13 178 596 394
tank547.jpg,1,423 312 475 301
tank548.jpg,1,82 262 631 357
tank549.jpg,1,297 108 688 382
tank550.jpg,1,308 134 660 286
tank551.jpg,1,6 118 884 388
tank552.jpg,1,294 297 403 162
tank553.jpg,1,141 261 588 313
tank554.jpg,1,111 255 769 330
tank555.jpg,1,179 148 712 358
tank556.jpg,1,60 94 1012 431
tank557.jpg,1,233 65 534 378
tank558.jpg,1,14 113 768 453
tank559.jpg,1,203 90 681 380
tank560.jpg,1,152 40 731 420
tank561.jpg,1,47 56 1039 431
tank562.jpg,1,138 111 711 319
tank563.jpg,1,115 119 815 355
tank564.jpg,1,29 254 790 275
tank565.jpg,1,10 254 802 381
tank566.jpg,1,292 215 386 163
tank567.jpg,1,433 106 382 292
tank568.jpg,1,100 191 760 336
tank569.jpg,1,349 239 231 112
tank570.jpg,1,4 136 878 418
tank571.jpg,1,122 45 764 462
tank572.jpg,1,310 328 452 291
tank573.jpg,1,53 278 650 231
tank574.jpg,1,233 157 651 385
tank575.jpg,1,135 372 508 255
tank576.jpg,1,217 160 800 396
tank577.jpg,1,41 107 957 459
tank578.jpg,1,102 131 717 459
tank579.jpg,1,141 183 537 303
tank580.jpg,1,177 341 488 225
tank581.jpg,1,16 73 936 490
tank582.jpg,1,84 192 720 351
tank583.jpg,1,288 299 526 252
tank584.jpg,1,220 168 710 348
tank585.jpg,1,84 334 680 394
tank586.jpg,1,16 147 782 481
tank587.jpg,1,73 102 818 514
tank588.jpg,1,323 266 399 241
tank589.jpg,1,2 139 716 410
tank590.jpg,1,4 125 716 558
tank591.jpg,1,342 208 671 354
tank592.jpg,1,125 160 796 403
tank593.jpg,1,7 42 835 421
tank594.jpg,1,371 225 395 261
tank595.jpg,1,59 249 662 365
tank596.jpg,1,92 117 693 343
tank597.jpg,1,210 165 569 327
tank598.jpg,1,287 181 596 232
tank599.jpg,1,73 147 712 455
tank600.jpg,1,179 120 555 446
tank601.jpg,1,228 136 623 357
tank603.jpg,1,500 186 541 210
tank604.jpg,1,182 258 633 363
tank605.jpg,1,200 251 652 324
tank606.jpg,1,146 120 791 453
tank607.jpg,1,12 149 884 484
tank608.jpg,1,251 217 329 151
tank609.jpg,1,102 217 745 330
tank610.jpg,1,250 155 468 271
tank611.jpg,1,124 46 915 423
tank612.jpg,1,250 161 626 303
tank613.jpg,1,66 201 713 358
tank614.jpg,1,39 115 853 477
tank615.jpg,1,287 126 612 472
tank616.jpg,1,150 205 613 364
tank617.jpg,1,84 220 688 374
tank618.jpg,1,20 105 823 499
tank619.jpg,1,88 293 654 257
tank620.jpg,1,15 209 680 275
tank621.jpg,1,147 264 611 256
tank622.jpg,1,28 163 876 399
tank623.jpg,2,403 191 533 272
tank623.jpg,2,238 245 203 90
tank624.jpg,1,270 217 619 224
tank625.jpg,1,297 175 562 305
tank626.jpg,1,233 141 696 425
tank627.jpg,2,610 108 344 183
tank627.jpg,2,950 151 183 106
tank628.jpg,3,150 230 356 162
tank628.jpg,3,578 282 204 90
tank628.jpg,3,776 300 131 61
tank629.jpg,1,4 207 881 437
tank630.jpg,1,308 160 606 295
tank631.jpg,1,33 31 707 307
tank632.jpg,1,1 227 685 358
tank634.jpg,1,57 205 835 399
tank635.jpg,1,10 234 801 383
tank636.jpg,1,30 196 819 329
tank637.jpg,1,5 165 656 302
tank638.jpg,1,207 296 578 255
tank639.jpg,1,99 296 638 294
tank640.jpg,1,95 188 749 420
tank641.jpg,1,46 101 987 429
tank642.jpg,1,92 265 682 298
tank643.jpg,1,0 212 566 313
tank644.jpg,1,390 301 664 233
tank645.jpg,1,62 188 575 277
tank646.jpg,2,400 179 515 329
tank646.jpg,2,100 248 308 170
tank647.jpg,1,227 277 452 217
tank648.jpg,1,43 61 980 482
tank649.jpg,1,196 290 484 283
tank650.jpg,1,224 270 408 157
tank652.jpg,1,1 122 529 342
tank653.jpg,1,297 244 584 310
tank654.jpg,1,29 160 883 401
tank655.jpg,1,143 94 262 178
tank656.jpg,1,83 195 820 407
tank657.jpg,1,132 155 722 331
tank658.jpg,1,192 134 614 406
tank659.jpg,2,266 365 447 245
tank659.jpg,2,606 185 303 192
tank660.jpg,1,391 326 442 216
tank661.jpg,1,250 271 343 192
tank662.jpg,1,36 188 832 362
tank663.jpg,2,177 250 795 306
tank663.jpg,2,60 75 522 207
tank664.jpg,1,200 230 577 353
tank665.jpg,1,47 216 604 295
tank666.jpg,1,273 62 601 451
tank667.jpg,1,33 154 727 328
tank668.jpg,1,6 300 714 354
tank669.jpg,1,1 43 676 542
tank670.jpg,1,107 190 672 418
tank671.jpg,1,152 352 542 273
tank672.jpg,1,168 333 564 316
tank673.jpg,1,80 156 623 448
tank674.jpg,1,290 166 454 387
tank675.jpg,1,277 165 678 289
tank676.jpg,1,397 94 598 327
tank677.jpg,1,30 241 631 349
tank678.jpg,1,315 199 654 275
tank679.jpg,1,63 131 829 470
tank680.jpg,1,2 227 266 183
tank681.jpg,1,38 246 765 470
tank682.jpg,1,95 89 797 398
tank683.jpg,1,89 206 767 333
tank684.jpg,1,14 209 706 285
tank685.jpg,1,137 180 757 325
tank686.jpg,1,201 220 692 369
tank687.jpg,1,195 184 620 300
tank688.jpg,1,399 185 586 283
tank689.jpg,1,161 186 662 382
tank691.jpg,1,16 67 870 548
tank692.jpg,1,169 25 782 494
tank693.jpg,1,194 199 676 365
tank694.jpg,1,61 156 819 462
tank695.jpg,1,157 214 705 324
tank696.jpg,1,77 153 884 378
tank697.jpg,1,89 200 512 333
tank698.jpg,1,57 201 661 300
tank699.jpg,1,159 198 687 291
tank700.jpg,1,327 274 620 281
tank701.jpg,1,248 104 621 306
tank702.jpg,1,148 106 854 400
tank703.jpg,3,332 218 324 195
tank703.jpg,3,717 201 225 155
tank703.jpg,3,48 186 241 143
tank704.jpg,1,262 58 643 492
tank705.jpg,2,522 255 261 105
tank705.jpg,2,224 244 221 88
tank706.jpg,1,118 176 669 366
tank708.jpg,1,307 311 546 263
tank709.jpg,1,21 149 943 415
tank710.jpg,1,134 168 759 315
tank711.jpg,1,28 88 979 467
tank712.jpg,1,49 249 752 387
tank713.jpg,2,44 162 586 345
tank713.jpg,2,429 68 508 279
tank714.jpg,1,258 203 629 379
tank715.jpg,1,276 207 620 259
tank716.jpg,1,146 170 590 259
tank717.jpg,1,283 214 715 320
tank718.jpg,1,81 147 926 423
tank719.jpg,1,41 104 766 449
tank720.jpg,1,168 161 584 381
tank721.jpg,1,139 285 705 273
tank722.jpg,1,71 250 648 247
tank723.jpg,1,48 210 571 336
tank724.jpg,1,5 626 659 577
tank725.jpg,1,201 285 495 378
tank726.jpg,1,154 89 730 484
tank727.jpg,1,35 367 691 481
tank728.jpg,1,139 195 659 340
tank729.jpg,1,253 55 616 457
tank730.jpg,1,208 211 572 364
tank731.jpg,2,491 269 433 223
tank731.jpg,2,123 252 419 216
tank732.jpg,1,153 248 679 311
tank733.jpg,1,3 174 651 393
tank734.jpg,1,197 264 564 360
tank735.jpg,1,3 163 789 606
tank736.jpg,1,149 173 611 406
tank737.jpg,2,542 259 396 204
tank737.jpg,2,3 250 416 226
tank738.jpg,1,150 254 657 329
tank739.jpg,2,388 208 261 188
tank740.jpg,1,84 195 789 315
tank741.jpg,1,30 228 554 298
tank742.jpg,1,169 217 680 402
tank743.jpg,1,6 252 582 310
tank744.jpg,1,135 222 728 354
tank745.jpg,1,233 144 537 304
tank746.jpg,1,242 226 637 359
tank747.jpg,3,416 247 433 194
tank747.jpg,3,195 325 220 116
tank747.jpg,3,94 346 121 86
tank748.jpg,1,385 166 379 254
tank749.jpg,1,180 98 820 360
tank750.jpg,1,42 204 771 398
tank751.jpg,2,214 247 682 342
tank751.jpg,2,701 13 261 134
tank752.jpg,1,123 4 857 300
tank753.jpg,1,350 256 383 188
tank754.jpg,1,229 140 549 281
tank755.jpg,1,185 100 515 275
tank756.jpg,1,100 251 615 296
tank757.jpg,1,28 261 682 382
tank758.jpg,1,188 154 669 358
tank759.jpg,1,32 236 655 354
tank760.jpg,1,136 173 747 320
tank761.jpg,1,204 211 717 328
tank762.jpg,1,28 164 811 383
tank763.jpg,1,22 191 845 405
tank764.jpg,1,174 177 683 357
tank765.jpg,1,46 229 855 345
tank766.jpg,1,119 37 1048 366
tank767.jpg,1,96 136 767 466
tank768.jpg,1,283 229 609 305
tank769.jpg,1,82 203 702 372
tank770.jpg,1,78 116 799 343
tank771.jpg,1,114 158 810 433
tank772.jpg,1,160 258 506 223
tank773.jpg,1,118 179 582 318
tank774.jpg,1,217 222 630 350
tank775.jpg,1,334 145 317 155
tank776.jpg,1,202 174 516 333
tank777.jpg,1,177 151 712 370
tank778.jpg,1,243 158 715 346
tank779.jpg,2,404 307 487 265
tank779.jpg,2,26 284 401 236
tank780.jpg,1,162 181 634 386
tank781.jpg,1,150 259 459 259
tank782.jpg,1,160 201 572 310
tank783.jpg,1,205 189 665 349
tank785.jpg,1,8 69 1071 428
tank786.jpg,1,170 216 615 332
tank787.jpg,1,217 284 718 281
tank788.jpg,1,80 166 721 365
tank789.jpg,1,96 128 716 511
tank790.jpg,1,2 280 689 602
tank791.jpg,1,2 147 698 432
tank792.jpg,1,176 157 683 401
tank793.jpg,1,70 151 882 344
tank794.jpg,1,66 152 836 358
tank795.jpg,1,126 127 764 370